dbtable,dbcolumn,source,type,canbenull,columnreferences,setdefault,isprimary
AerialCableways,objectid,auto,bigint,no,,nextval('object_id'),yes
AerialCableways,featuretype,data,int,no,ga_FeatureType,,
AerialCableways,name,data,text,,,,
AerialCableways,featrel,data,date,no,,,
AerialCableways,attrrel,data,date,no,,,
AerialCableways,planacc,data,smallint,no,,,
AerialCableways,created,data,timestamp,,,now(),
AerialCableways,retired,data,timestamp,,,,
AerialCableways,ga_pid,data,int,,,,
AerialCableways,symbol,data,smallint,no,,,
AerialCableways,textnote,data,text,,,,
AerialCableways,shape_length,data,float,no,,,
AerialCableways,shape,index,,,,,
AircraftFacilityPoints,objectid,auto,bigint,no,,nextval('object_id'),yes
AircraftFacilityPoints,featuretype,data,int,no,ga_FeatureType,,
AircraftFacilityPoints,type,data,int,no,,,
AircraftFacilityPoints,name,data,text,,,,
AircraftFacilityPoints,featrel,data,date,no,,,
AircraftFacilityPoints,attrrel,data,date,no,,,
AircraftFacilityPoints,planacc,data,smallint,no,,,
AircraftFacilityPoints,created,data,timestamp,,,now(),
AircraftFacilityPoints,retired,data,timestamp,,,,
AircraftFacilityPoints,ga_pid,data,int,,,,
AircraftFacilityPoints,symbol,data,smallint,no,,,
AircraftFacilityPoints,featurewidth,data,float,,,0,
AircraftFacilityPoints,orientation,data,smallint,,,0,
AircraftFacilityPoints,position,index,,,,,
Annotations,objectid,auto,bigint,no,,nextval('object_id'),yes
Annotations,featuretype,data,int,no,ga_FeatureType,,
Annotations,zorder,data,int,,,,
Annotations,annotationclassid,data,int,,,,
Annotations,element,data,bytea,,,,
Annotations,featuretype,data,int,no,ga_FeatureType,,
Annotations,mapnumber,???,text,,,,
Annotations,created,data,timestamp,,,now(),
Annotations,retired,data,timestamp,,,,
Annotations,ga_pid,data,int,,,,
Annotations,shape_length,data,float,no,,,
Annotations,shape_area,data,float,no,,,
Annotations,shape,index,,,,,
BarrierPoints,objectid,auto,bigint,no,,nextval('object_id'),yes
BarrierPoints,featuretype,data,int,no,ga_FeatureType,,
BarrierPoints,type,data,int,no,,,
BarrierPoints,featrel,data,date,no,,,
BarrierPoints,attrrel,data,date,no,,,
BarrierPoints,planacc,data,smallint,no,,,
BarrierPoints,created,data,timestamp,,,now(),
BarrierPoints,retired,data,timestamp,,,,
BarrierPoints,ga_pid,data,int,,,,
BarrierPoints,symbol,data,smallint,no,,,
BarrierPoints,featurewidth,data,float,,,0,
BarrierPoints,orientation,data,smallint,,,0,
BarrierPoints,textnote,data,text,,,,
BarrierPoints,position,index,,,,,
Benchmarks,objectid,auto,bigint,no,,nextval('object_id'),yes
Benchmarks,featuretype,data,int,no,ga_FeatureType,,
Benchmarks,elevation,data,float,,,,
Benchmarks,code,data,text,,,,
Benchmarks,featrel,data,date,no,,,
Benchmarks,attrrel,data,date,no,,,
Benchmarks,planacc,data,smallint,no,,,
Benchmarks,elevacc,data,smallint,,,,
Benchmarks,created,data,timestamp,,,now(),
Benchmarks,retired,data,timestamp,,,,
Benchmarks,ga_pid,data,int,,,,
Benchmarks,symbol,data,smallint,no,,,
Benchmarks,featurewidth,data,float,,,0,
Benchmarks,orientation,data,smallint,,,0,
Benchmarks,textnote,data,text,,,,
Benchmarks,position,index,,,,,
Bores,objectid,auto,bigint,no,,nextval('object_id'),yes
Bores,featuretype,data,int,no,ga_FeatureType,,
Bores,name,data,text,,,,
Bores,featrel,data,date,no,,,
Bores,attrrel,data,date,no,,,
Bores,planacc,data,smallint,no,,,
Bores,created,data,timestamp,,,now(),
Bores,retired,data,timestamp,,,,
Bores,ga_pid,data,int,,,,
Bores,symbol,data,smallint,no,,,
Bores,featurewidth,data,float,,,0,
Bores,orientation,data,smallint,,,0,
Bores,textnote,data,text,,,,
AerialCableways,source,auto,int,no,ga_Source,0,
AircraftFacilityPoints,source,auto,int,no,ga_Source,0,
BarrierPoints,source,auto,int,no,ga_Source,0,
Bores,source,auto,int,no,ga_Source,0,
Bores,position,index,,,,,
BuildingAreas,objectid,auto,bigint,no,,nextval('object_id'),yes
BuildingAreas,featuretype,data,int,no,ga_FeatureType,,
BuildingAreas,name,data,text,,,,
BuildingAreas,class,data,text,no,,,
BuildingAreas,featrel,data,date,no,,,
BuildingAreas,attrrel,data,date,no,,,
BuildingAreas,planacc,data,smallint,no,,,
BuildingAreas,created,data,timestamp,,,now(),
BuildingAreas,retired,data,timestamp,,,,
BuildingAreas,ga_pid,data,int,,,,
BuildingAreas,symbol,data,smallint,no,,,
BuildingAreas,textnote,data,text,,,,
BuildingAreas,shape_length,data,float,no,,,
BuildingAreas,shape_area,data,float,no,,,
BuildingAreas,shape,index,,,,,
BuildingPoints,objectid,auto,bigint,no,,nextval('object_id'),yes
BuildingPoints,featuretype,data,int,no,ga_FeatureType,,
BuildingPoints,name,data,text,,,,
BuildingPoints,class,data,text,no,,,
BuildingPoints,featrel,data,date,no,,,
BuildingPoints,attrrel,data,date,no,,,
BuildingPoints,planacc,data,smallint,no,,,
BuildingPoints,created,data,timestamp,,,now(),
BuildingPoints,retired,data,timestamp,,,,
BuildingPoints,ga_pid,data,int,,,,
BuildingPoints,symbol,data,smallint,no,,,
BuildingPoints,featurewidth,data,float,,,0,
BuildingPoints,orientation,data,smallint,,,0,
BuildingPoints,textnote,data,text,,,,
BuildingPoints,position,index,,,,,
BuiltUpAreas,objectid,auto,bigint,no,,nextval('object_id'),yes
BuiltUpAreas,featuretype,data,int,no,ga_FeatureType,,
BuiltUpAreas,name,data,text,,,,
BuiltUpAreas,featrel,data,date,no,,,
BuiltUpAreas,attrrel,data,date,no,,,
BuiltUpAreas,planacc,data,smallint,no,,,
BuiltUpAreas,created,data,timestamp,,,now(),
BuiltUpAreas,retired,data,timestamp,,,,
BuiltUpAreas,ga_pid,data,int,,,,
BuiltUpAreas,symbol,data,smallint,no,,,
BuiltUpAreas,shape_length,data,float,no,,,
BuiltUpAreas,shape_area,data,float,no,,,
BuiltUpAreas,shape,index,,,,,
CanalAreas,objectid,auto,bigint,no,,nextval('object_id'),yes
CanalAreas,featuretype,data,int,no,ga_FeatureType,,
CanalAreas,name,data,text,,,,
CanalAreas,featrel,data,date,no,,,
CanalAreas,attrrel,data,date,no,,,
CanalAreas,planacc,data,smallint,no,,,
CanalAreas,created,data,timestamp,,,now(),
CanalAreas,retired,data,timestamp,,,,
CanalAreas,ga_pid,data,int,,,,
CanalAreas,symbol,data,smallint,no,,,
CanalAreas,textnote,data,text,,,,
CanalAreas,shape_length,data,float,no,,,
CanalAreas,shape_area,data,float,no,,,
CanalAreas,shape,index,,,,,
CanalLines,objectid,auto,bigint,no,,nextval('object_id'),yes
CanalLines,featuretype,data,int,no,ga_FeatureType,,
CanalLines,name,data,text,,,,
CanalLines,featrel,data,date,no,,,
CanalLines,attrrel,data,date,no,,,
CanalLines,planacc,data,smallint,no,,,
CanalLines,created,data,timestamp,,,now(),
CanalLines,retired,data,timestamp,,,,
CanalLines,ga_pid,data,int,,,,
CanalLines,symbol,data,smallint,no,,,
CanalLines,textnote,data,text,,,,
CanalLines,shape_length,data,float,no,,,
CanalLines,shape,index,,,,,
CartographicLines,objectid,auto,bigint,no,,nextval('object_id'),yes
CartographicLines,featuretype,data,int,no,ga_FeatureType,,
CartographicLines,type,data,int,,,,
CartographicLines,mapnumber,data,text,,,,
CartographicLines,created,data,timestamp,,,now(),
CartographicLines,retired,data,timestamp,,,,
CartographicLines,ga_pid,data,int,,,,
CartographicLines,symbol,data,smallint,no,,,
CartographicLines,textnote,data,text,,,,
CartographicLines,shape_length,data,float,no,,,
CartographicLines,shape,index,,,,,
CartographicPoints,objectid,auto,bigint,no,,nextval('object_id'),yes
BuildingPoints,position,data,point,,,,
CartographicPoints,featuretype,data,int,no,ga_FeatureType,,
CartographicPoints,type,data,int,no,,,
CartographicPoints,mapnumber,data,text,,,,
CartographicPoints,created,data,timestamp,,,now(),
CartographicPoints,retired,data,timestamp,,,,
CartographicPoints,ga_pid,data,int,,,,
CartographicPoints,symbol,data,smallint,no,,,
CartographicPoints,featurewidth,data,float,,,0,
CartographicPoints,orientation,data,smallint,,,0,
CartographicPoints,textnote,data,text,,,,
CartographicPoints,position,index,,,,,
Caves,objectid,auto,bigint,no,,nextval('object_id'),yes
Caves,featuretype,data,int,no,ga_FeatureType,,
Caves,name,data,text,,,,
Caves,featrel,data,date,no,,,
Caves,attrrel,data,date,no,,,
Caves,planacc,data,smallint,no,,,
Caves,created,data,timestamp,,,now(),
Caves,retired,data,timestamp,,,,
Caves,ga_pid,data,int,,,,
Caves,symbol,data,smallint,no,,,
Caves,featurewidth,data,float,,,0,
Caves,orientation,data,smallint,,,0,
Caves,textnote,data,text,,,,
Caves,position,index,,,,,
CemeteryAreas,objectid,auto,bigint,no,,nextval('object_id'),yes
CemeteryAreas,featuretype,data,int,no,ga_FeatureType,,
CemeteryAreas,name,data,text,,,,
CemeteryAreas,featrel,data,date,no,,,
CemeteryAreas,attrrel,data,date,no,,,
CemeteryAreas,planacc,data,smallint,no,,,
CemeteryAreas,created,data,timestamp,,,now(),
CemeteryAreas,retired,data,timestamp,,,,
CemeteryAreas,ga_pid,data,int,,,,
CemeteryAreas,symbol,data,smallint,no,,,
CemeteryAreas,textnote,data,text,,,,
CemeteryAreas,shape_length,data,float,no,,,
CemeteryAreas,shape_area,data,float,no,,,
CemeteryAreas,shape,index,,,,,
CemeteryPoints,objectid,auto,bigint,no,,nextval('object_id'),yes
CemeteryPoints,featuretype,data,int,no,ga_FeatureType,,
CemeteryPoints,name,data,text,,,,
CemeteryPoints,featrel,data,date,no,,,
CemeteryPoints,attrrel,data,date,no,,,
CemeteryPoints,planacc,data,smallint,no,,,
CemeteryPoints,created,data,timestamp,,,now(),
CemeteryPoints,retired,data,timestamp,,,,
CemeteryPoints,ga_pid,data,int,,,,
CemeteryPoints,symbol,data,smallint,no,,,
CemeteryPoints,featurewidth,data,float,,,0,
CemeteryPoints,orientation,data,smallint,,,0,
CemeteryPoints,textnote,data,text,,,,
CemeteryPoints,position,index,,,,,
ClearedLines,objectid,auto,bigint,no,,nextval('object_id'),yes
BuiltUpAreas,shape,data,area,,,,
ClearedLines,featuretype,data,int,no,ga_FeatureType,,
ClearedLines,featrel,data,date,no,,,
ClearedLines,attrrel,data,date,no,,,
ClearedLines,planacc,data,smallint,no,,,
ClearedLines,created,data,timestamp,,,now(),
ClearedLines,retired,data,timestamp,,,,
ClearedLines,ga_pid,data,int,,,,
ClearedLines,symbol,data,smallint,no,,,
ClearedLines,textnote,data,text,,,,
ClearedLines,shape_length,data,float,no,,,
ClearedLines,shape,index,,,,,
Contours,objectid,auto,bigint,no,,nextval('object_id'),yes
Contours,featuretype,data,int,no,ga_FeatureType,,
Contours,type,data,int,no,,,
Contours,elevation,data,float,,,,
Contours,featrel,data,date,no,,,
Contours,attrrel,data,date,no,,,
Contours,planacc,data,smallint,no,,,
Contours,elevacc,data,smallint,no,,,
Contours,created,data,timestamp,,,now(),
Contours,retired,data,timestamp,,,,
Contours,ga_pid,data,int,,,,
Contours,symbol,data,smallint,no,,,
Contours,shape_length,data,float,no,,,
Contours,shape,index,,,,,
Conveyors,objectid,auto,bigint,no,,nextval('object_id'),yes
Conveyors,featuretype,data,int,no,ga_FeatureType,,
Conveyors,featrel,data,date,no,,,
Conveyors,attrrel,data,date,no,,,
Conveyors,planacc,data,smallint,no,,,
CartographicPoints,position,data,point,,,,
Caves,source,auto,int,no,ga_Source,0,
CemeteryAreas,source,auto,int,no,ga_Source,0,
Conveyors,created,data,timestamp,,,now(),
Conveyors,retired,data,timestamp,,,,
Conveyors,ga_pid,data,int,,,,
Conveyors,symbol,data,smallint,no,,,
Conveyors,textnote,data,text,,,,
Conveyors,shape_length,data,float,no,,,
Conveyors,shape,index,,,,,
Craters,objectid,auto,bigint,no,,nextval('object_id'),yes
Craters,featuretype,data,int,no,ga_FeatureType,,
Craters,name,data,text,,,,
Craters,featrel,data,date,no,,,
Craters,attrrel,data,date,no,,,
Craters,planacc,data,smallint,no,,,
Craters,created,data,timestamp,,,now(),
Craters,retired,data,timestamp,,,,
Craters,ga_pid,data,int,,,,
Craters,symbol,data,smallint,no,,,
Craters,textnote,data,text,,,,
Craters,shape_length,data,float,no,,,
Craters,shape_area,data,float,no,,,
Craters,shape,index,,,,,
CultivatedAreas,objectid,auto,bigint,no,,nextval('object_id'),yes
CultivatedAreas,featuretype,data,int,no,ga_FeatureType,,
CultivatedAreas,type,data,int,no,,,
CultivatedAreas,featrel,data,date,no,,,
CultivatedAreas,attrrel,data,date,no,,,
CultivatedAreas,planacc,data,smallint,no,,,
CultivatedAreas,created,data,timestamp,,,now(),
CultivatedAreas,retired,data,timestamp,,,,
CultivatedAreas,ga_pid,data,int,,,,
CultivatedAreas,symbol,data,smallint,no,,,
CultivatedAreas,textnote,data,text,,,,
CultivatedAreas,shape_length,data,float,no,,,
CultivatedAreas,shape_area,data,float,no,,,
CultivatedAreas,shape,index,,,,,
DamWalls,objectid,auto,bigint,no,,nextval('object_id'),yes
DamWalls,featuretype,data,int,no,ga_FeatureType,,
DamWalls,name,data,text,,,,
DamWalls,featrel,data,date,no,,,
DamWalls,attrrel,data,date,no,,,
DamWalls,planacc,data,smallint,no,,,
DamWalls,created,data,timestamp,,,now(),
DamWalls,retired,data,timestamp,,,,
DamWalls,ga_pid,data,int,,,,
DamWalls,symbol,data,smallint,no,,,
DamWalls,featurewidth,data,float,,,0,
DamWalls,textnote,data,text,,,,
DamWalls,shape_length,data,float,no,,,
DamWalls,shape,index,,,,,
DeformationAreas,objectid,auto,bigint,no,,nextval('object_id'),yes
DeformationAreas,featuretype,data,int,no,ga_FeatureType,,
DeformationAreas,type,data,int,no,,,
DeformationAreas,name,data,text,,,,
DeformationAreas,featrel,data,date,no,,,
DeformationAreas,attrrel,data,date,no,,,
DeformationAreas,planacc,data,smallint,no,,,
DeformationAreas,created,data,timestamp,,,now(),
DeformationAreas,retired,data,timestamp,,,,
DeformationAreas,ga_pid,data,int,,,,
DeformationAreas,symbol,data,smallint,no,,,
DeformationAreas,textnote,data,text,,,,
DeformationAreas,shape_length,data,float,no,,,
DeformationAreas,shape_area,data,float,no,,,
DeformationAreas,shape,index,,,,,
Discontinuities,objectid,auto,bigint,no,,nextval('object_id'),yes
Discontinuities,featuretype,data,int,no,ga_FeatureType,,
Discontinuities,type,data,int,no,,,
Discontinuities,featrel,data,date,no,,,
Discontinuities,attrrel,data,date,no,,,
Discontinuities,planacc,data,smallint,no,,,
Discontinuities,created,data,timestamp,,,now(),
Discontinuities,retired,data,timestamp,,,,
Discontinuities,ga_pid,data,int,,,,
Discontinuities,symbol,data,smallint,no,,,
Discontinuities,textnote,data,text,,,,
Discontinuities,shape_length,data,float,no,,,
Discontinuities,shape,index,,,,,
Fences,objectid,auto,bigint,no,,nextval('object_id'),yes
Fences,featuretype,data,int,no,ga_FeatureType,,
Fences,featrel,data,date,no,,,
Fences,attrrel,data,date,no,,,
Fences,planacc,data,smallint,no,,,
Fences,created,data,timestamp,,,now(),
Fences,retired,data,timestamp,,,,
Fences,ga_pid,data,int,,,,
Fences,symbol,data,smallint,no,,,
Fences,textnote,data,text,,,,
Fences,shape_length,data,float,no,,,
Fences,shape,index,,,,,
FerryRouteLines,objectid,auto,bigint,no,,nextval('object_id'),yes
FerryRouteLines,featuretype,data,int,no,ga_FeatureType,,
FerryRouteLines,name,data,text,,,,
FerryRouteLines,featrel,data,date,no,,,
FerryRouteLines,attrrel,data,date,no,,,
FerryRouteLines,planacc,data,smallint,no,,,
FerryRouteLines,created,data,timestamp,,,now(),
FerryRouteLines,retired,data,timestamp,,,,
FerryRouteLines,ga_pid,data,int,,,,
FerryRouteLines,symbol,data,smallint,no,,,
FerryRouteLines,textnote,data,text,,,,
FerryRouteLines,shape_length,data,float,no,,,
FerryRouteLines,shape,index,,,,,
Flats,objectid,auto,bigint,no,,nextval('object_id'),yes
Flats,featuretype,data,int,no,ga_FeatureType,,
Flats,type,data,int,no,,,
Flats,name,data,text,,,,
Flats,featrel,data,date,no,,,
Flats,attrrel,data,date,no,,,
Flats,planacc,data,smallint,no,,,
Flats,created,data,timestamp,,,now(),
Flats,retired,data,timestamp,,,,
Flats,ga_pid,data,int,,,,
Flats,symbol,data,smallint,no,,,
Flats,textnote,data,text,,,,
Flats,shape_length,data,float,no,,,
Flats,shape_area,data,float,no,,,
Flats,shape,index,,,,,
FootTracks,objectid,auto,bigint,no,,nextval('object_id'),yes
FootTracks,featuretype,data,int,no,ga_FeatureType,,
FootTracks,name,data,text,,,,
FootTracks,featrel,data,date,no,,,
FootTracks,attrrel,data,date,no,,,
FootTracks,planacc,data,smallint,no,,,
FootTracks,created,data,timestamp,,,now(),
FootTracks,retired,data,timestamp,,,,
FootTracks,ga_pid,data,int,,,,
FootTracks,symbol,data,smallint,no,,,
FootTracks,textnote,data,text,,,,
FootTracks,shape_length,data,float,no,,,
FootTracks,shape,index,,,,,
ForeshoreFlats,objectid,auto,bigint,no,,nextval('object_id'),yes
ForeshoreFlats,featuretype,data,int,no,ga_FeatureType,,
ForeshoreFlats,featrel,data,date,no,,,
ForeshoreFlats,attrrel,data,date,no,,,
ForeshoreFlats,planacc,data,smallint,no,,,
ForeshoreFlats,created,data,timestamp,,,now(),
ForeshoreFlats,retired,data,timestamp,,,,
ForeshoreFlats,ga_pid,data,int,,,,
ForeshoreFlats,symbol,data,smallint,no,,,
ForeshoreFlats,shape_length,data,float,no,,,
ForeshoreFlats,shape_area,data,float,no,,,
ForeshoreFlats,shape,index,,,,,
FrameworkBoundaries,objectid,auto,bigint,no,,nextval('object_id'),yes
FrameworkBoundaries,featuretype,data,int,no,ga_FeatureType,,
FrameworkBoundaries,type,data,int,no,,,
FrameworkBoundaries,featrel,data,date,no,,,
FrameworkBoundaries,attrrel,data,date,no,,,
FrameworkBoundaries,planacc,data,smallint,no,,,
FrameworkBoundaries,created,data,timestamp,,,now(),
FrameworkBoundaries,retired,data,timestamp,,,,
FrameworkBoundaries,ga_pid,data,int,,,,
FrameworkBoundaries,symbol,data,smallint,no,,,
FrameworkBoundaries,shape_length,data,float,no,,,
FrameworkBoundaries,shape,index,,,,,
GraticuleAnnotations,objectid,auto,bigint,no,,nextval('object_id'),yes
GraticuleAnnotations,featuretype,data,int,no,ga_FeatureType,,
GraticuleAnnotations,zorder,data,int,,,,
GraticuleAnnotations,annotationclassid,data,int,,,,
GraticuleAnnotations,element,data,bytea,no,,,
GraticuleAnnotations,featuretype,data,int,no,ga_FeatureType,,
GraticuleAnnotations,mapnumber,???,text,,,,
GraticuleAnnotations,created,data,timestamp,,,now(),
GraticuleAnnotations,retired,data,timestamp,,,,
GraticuleAnnotations,ga_pid,data,int,,,,
GraticuleAnnotations,shape_length,data,float,no,,,
GraticuleAnnotations,shape_area,data,float,no,,,
GraticuleAnnotations,shape,index,,,,,
Graticules,objectid,auto,bigint,no,,nextval('object_id'),yes
Graticules,featuretype,data,int,no,ga_FeatureType,,
Graticules,mapnumber,???,text,,,,
Graticules,created,data,timestamp,,,now(),
Graticules,retired,data,timestamp,,,,
Graticules,ga_pid,data,int,,,,
Graticules,symbol,data,smallint,no,,,
Graticules,shape_length,data,float,no,,,
Graticules,shape,index,,,,,
GridAnnotations,objectid,auto,bigint,no,,nextval('object_id'),yes
GridAnnotations,featuretype,data,int,no,ga_FeatureType,,
GridAnnotations,zorder,data,int,,,,
GridAnnotations,annotationclassid,data,int,,,,
GridAnnotations,element,data,bytea,no,,,
GridAnnotations,featuretype,data,int,no,ga_FeatureType,,
GridAnnotations,mapnumber,???,text,,,,
GridAnnotations,created,data,timestamp,,,now(),
GridAnnotations,retired,data,timestamp,,,,
GridAnnotations,ga_pid,data,int,,,,
GridAnnotations,shape_length,data,float,no,,,
GridAnnotations,shape_area,data,float,no,,,
GridAnnotations,shape,index,,,,,
Grids,objectid,auto,bigint,no,,nextval('object_id'),yes
Grids,featuretype,data,int,no,ga_FeatureType,,
Grids,mapnumber,???,text,,,,
Grids,created,data,timestamp,,,now(),
Grids,retired,data,timestamp,,,,
Grids,ga_pid,data,int,,,,
Grids,symbol,data,smallint,no,,,
Grids,shape_length,data,float,no,,,
Grids,shape,index,,,,,
Homesteads,objectid,auto,bigint,no,,nextval('object_id'),yes
Homesteads,featuretype,data,int,no,ga_FeatureType,,
Homesteads,name,data,text,,,,
Homesteads,featrel,data,date,no,,,
Homesteads,attrrel,data,date,no,,,
Homesteads,planacc,data,smallint,no,,,
Homesteads,created,data,timestamp,,,now(),
Homesteads,retired,data,timestamp,,,,
Homesteads,ga_pid,data,int,,,,
Homesteads,symbol,data,smallint,no,,,
Homesteads,featurewidth,data,float,,,0,
Homesteads,orientation,data,smallint,,,0,
Homesteads,textnote,data,text,,,,
Homesteads,position,index,,,,,
HorizontalControlPoints,objectid,auto,bigint,no,,nextval('object_id'),yes
HorizontalControlPoints,featuretype,data,int,no,ga_FeatureType,,
HorizontalControlPoints,name,data,text,,,,
HorizontalControlPoints,elevation,data,float,,,,
HorizontalControlPoints,code,data,text,,,,
HorizontalControlPoints,orderofacc,data,text,,,,
HorizontalControlPoints,featrel,data,date,no,,,
HorizontalControlPoints,attrrel,data,date,no,,,
HorizontalControlPoints,planacc,data,smallint,no,,,
HorizontalControlPoints,elevacc,data,smallint,no,,,
HorizontalControlPoints,created,data,timestamp,,,now(),
HorizontalControlPoints,retired,data,timestamp,,,,
HorizontalControlPoints,ga_pid,data,int,,,,
HorizontalControlPoints,symbol,data,smallint,no,,,
HorizontalControlPoints,featurewidth,data,float,,,0,
HorizontalControlPoints,orientation,data,smallint,,,0,
HorizontalControlPoints,textnote,data,text,,,,
HorizontalControlPoints,position,index,,,,,
Islands,objectid,auto,bigint,no,,nextval('object_id'),yes
Islands,featuretype,data,int,no,ga_FeatureType,,
Islands,name,data,text,,,,
Islands,state,data,int,,ga_State,,
Islands,featrel,data,date,no,,,
Islands,attrrel,data,date,no,,,
Islands,planacc,data,smallint,no,,,
Islands,created,data,timestamp,,,now(),
Islands,retired,data,timestamp,,,,
Islands,ga_pid,data,int,,,,
Islands,symbol,data,smallint,no,,,
Islands,shape_length,data,float,no,,,
Islands,shape_area,data,float,no,,,
Islands,shape,index,,,,,
Lakes,objectid,auto,bigint,,,nextval('object_id'),yes
Lakes,featuretype,data,int,no,ga_FeatureType,,
Lakes,name,data,text,,,,
Lakes,perennial,data,int,,ga_Perennial,,
Lakes,featrel,data,date,no,,,
Lakes,attrrel,data,date,no,,,
Lakes,planacc,data,smallint,no,,,
Homesteads,source,auto,int,no,ga_Source,0,
Lakes,created,data,timestamp,,,now(),
Lakes,retired,data,timestamp,,,,
Lakes,ga_pid,data,int,,,,
Lakes,symbol,data,smallint,no,,,
Lakes,shape_length,data,float,no,,,
Lakes,shape_area,data,float,no,,,
Lakes,shape,index,,,,,
LargeAreaFeatures,objectid,auto,bigint,,,nextval('object_id'),yes
LargeAreaFeatures,featuretype,data,int,no,ga_FeatureType,,
LargeAreaFeatures,name,data,text,,,,
LargeAreaFeatures,featrel,data,date,no,,,
LargeAreaFeatures,attrrel,data,date,no,,,
LargeAreaFeatures,planacc,data,smallint,no,,,
LargeAreaFeatures,created,data,timestamp,,,now(),
LargeAreaFeatures,retired,data,timestamp,,,,
LargeAreaFeatures,ga_pid,data,int,,,,
LargeAreaFeatures,symbol,data,smallint,no,,,
LargeAreaFeatures,shape_length,data,float,no,,,
LargeAreaFeatures,shape_area,data,float,no,,,
LargeAreaFeatures,shape,index,,,,,
Locations,objectid,auto,bigint,no,,nextval('object_id'),yes
Locations,featuretype,data,int,no,ga_FeatureType,,
Locations,type,data,int,no,,,
Locations,name,data,text,,,,
Locations,featrel,data,date,no,,,
Locations,attrrel,data,date,no,,,
Locations,planacc,data,smallint,no,,,
Locations,created,data,timestamp,,,now(),
Locations,retired,data,timestamp,,,,
Locations,ga_pid,data,int,,,,
Locations,symbol,data,smallint,no,,,
Locations,featurewidth,data,float,,,0,
Locations,orientation,data,smallint,,,0,
Locations,textnote,data,text,,,,
Locations,position,index,,,,,
Locks,objectid,auto,bigint,no,,nextval('object_id'),yes
Locks,featuretype,data,int,no,ga_FeatureType,,
Locks,name,data,text,,,,
Locks,featrel,data,date,no,,,
Locks,attrrel,data,date,no,,,
Locks,planacc,data,smallint,no,,,
Locks,created,data,timestamp,,,now(),
Locks,retired,data,timestamp,,,,
Locks,ga_pid,data,int,,,,
Locks,symbol,data,smallint,no,,,
Locks,featurewidth,data,float,,,0,
Locks,orientation,data,smallint,,,0,
Locks,textnote,data,text,,,,
Locks,position,index,,,,,
Mainlands,objectid,auto,bigint,,,nextval('object_id'),yes
Mainlands,featuretype,data,int,no,ga_FeatureType,,
Mainlands,state,data,int,,ga_State,,
Mainlands,featrel,data,date,no,,,
Mainlands,attrrel,data,date,no,,,
Mainlands,planacc,data,smallint,no,,,
Mainlands,created,data,timestamp,,,now(),
Mainlands,retired,data,timestamp,,,,
Mainlands,ga_pid,data,int,,,,
Mainlands,symbol,data,smallint,no,,,
Mainlands,shape_length,data,float,no,,,
Mainlands,shape_area,data,float,no,,,
Mainlands,shape,index,,,,,
MarineHazardAreas,objectid,auto,bigint,,,nextval('object_id'),yes
MarineHazardAreas,featuretype,data,int,no,ga_FeatureType,,
MarineHazardAreas,type,data,int,no,,,
MarineHazardAreas,name,data,text,,,,
MarineHazardAreas,relation,data,text,,,,
MarineHazardAreas,featrel,data,date,no,,,
MarineHazardAreas,attrrel,data,date,no,,,
MarineHazardAreas,planacc,data,smallint,no,,,
MarineHazardAreas,created,data,timestamp,,,now(),
MarineHazardAreas,retired,data,timestamp,,,,
MarineHazardAreas,ga_pid,data,int,,,,
MarineHazardAreas,symbol,data,smallint,no,,,
MarineHazardAreas,textnote,data,text,,,,
MarineHazardAreas,shape_length,data,float,no,,,
MarineHazardAreas,shape_area,data,float,no,,,
MarineHazardAreas,shape,index,,,,,
MarineHazardPoints,objectid,auto,bigint,no,,nextval('object_id'),yes
MarineHazardPoints,featuretype,data,int,no,ga_FeatureType,,
MarineHazardPoints,type,data,int,no,,,
MarineHazardPoints,name,data,text,,,,
MarineHazardPoints,relation,data,text,,,,
MarineHazardPoints,featrel,data,date,no,,,
Lakes,source,auto,int,no,ga_Source,0,
MarineHazardPoints,attrrel,data,date,no,,,
MarineHazardPoints,planacc,data,smallint,no,,,
MarineHazardPoints,created,data,timestamp,,,now(),
MarineHazardPoints,retired,data,timestamp,,,,
MarineHazardPoints,ga_pid,data,int,,,,
MarineHazardPoints,symbol,data,smallint,no,,,
MarineHazardPoints,featurewidth,data,float,,,0,
MarineHazardPoints,orientation,data,smallint,,,0,
MarineHazardPoints,textnote,data,text,,,,
MarineHazardPoints,position,index,,,,,
MarineInfrastructureLines,objectid,auto,bigint,,,nextval('object_id'),yes
MarineInfrastructureLines,featuretype,data,int,no,ga_FeatureType,,
MarineInfrastructureLines,type,data,int,no,,,
MarineInfrastructureLines,name,data,text,,,,
MarineInfrastructureLines,featrel,data,date,no,,,
MarineInfrastructureLines,attrrel,data,date,no,,,
MarineInfrastructureLines,planacc,data,smallint,no,,,
MarineInfrastructureLines,created,data,timestamp,,,now(),
MarineInfrastructureLines,retired,data,timestamp,,,,
MarineInfrastructureLines,ga_pid,data,int,,,,
MarineInfrastructureLines,symbol,data,smallint,no,,,
MarineInfrastructureLines,textnote,data,text,,,,
MarineInfrastructureLines,shape_length,data,float,no,,,
MarineInfrastructureLines,shape,index,,,,,
MarineInfrastructurePoints,objectid,auto,bigint,no,,nextval('object_id'),yes
MarineInfrastructurePoints,featuretype,data,int,no,ga_FeatureType,,
MarineInfrastructurePoints,type,data,int,no,,,
MarineInfrastructurePoints,name,data,text,,,,
MarineInfrastructurePoints,featrel,data,date,no,,,
MarineInfrastructurePoints,attrrel,data,date,no,,,
MarineInfrastructurePoints,planacc,data,smallint,no,,,
MarineInfrastructurePoints,created,data,timestamp,,,now(),
MarineInfrastructurePoints,retired,data,timestamp,,,,
MarineInfrastructurePoints,ga_pid,data,int,,,,
MarineInfrastructurePoints,symbol,data,smallint,no,,,
MarineInfrastructurePoints,featurewidth,data,float,,,0,
MarineInfrastructurePoints,orientation,data,smallint,,,0,
MarineInfrastructurePoints,textnote,data,text,,,,
MarineInfrastructurePoints,position,index,,,,,
MineAreas,objectid,auto,bigint,,,nextval('object_id'),yes
MineAreas,featuretype,data,int,no,ga_FeatureType,,
MineAreas,name,data,text,,,,
MineAreas,featrel,data,date,no,,,
MineAreas,attrrel,data,date,no,,,
MineAreas,planacc,data,smallint,no,,,
MineAreas,created,data,timestamp,,,now(),
MineAreas,retired,data,timestamp,,,,
MineAreas,ga_pid,data,int,,,,
MineAreas,symbol,data,smallint,no,,,
MineAreas,textnote,data,text,,,,
MineAreas,shape_length,data,float,no,,,
MineAreas,shape_area,data,float,no,,,
MineAreas,shape,index,,,,,
MinePoints,objectid,auto,bigint,no,,nextval('object_id'),yes
MinePoints,featuretype,data,int,no,ga_FeatureType,,
MinePoints,name,data,text,,,,
MinePoints,featrel,data,date,no,,,
MinePoints,attrrel,data,date,no,,,
MinePoints,planacc,data,smallint,no,,,
MinePoints,created,data,timestamp,,,now(),
MinePoints,retired,data,timestamp,,,,
MinePoints,ga_pid,data,int,,,,
MinePoints,symbol,data,smallint,no,,,
MinePoints,featurewidth,data,float,,,0,
MinePoints,orientation,data,smallint,,,0,
MinePoints,textnote,data,text,,,,
MinePoints,position,index,,,,,
NativeVegetationAreas,objectid,auto,bigint,,,nextval('object_id'),yes
NativeVegetationAreas,featuretype,data,int,no,ga_FeatureType,,
NativeVegetationAreas,type,data,int,no,,,
NativeVegetationAreas,featrel,data,date,no,,,
NativeVegetationAreas,attrrel,data,date,no,,,
NativeVegetationAreas,planacc,data,smallint,no,,,
NativeVegetationAreas,created,data,timestamp,,,now(),
NativeVegetationAreas,retired,data,timestamp,,,,
NativeVegetationAreas,ga_pid,data,int,,,,
NativeVegetationAreas,symbol,data,smallint,no,,,
NativeVegetationAreas,textnote,data,text,,,,
MarineHazardPoints,source,auto,int,no,ga_Source,0,
MarineInfrastructureLines,source,auto,int,no,ga_Source,0,
NativeVegetationAreas,shape_length,data,float,no,,,
NativeVegetationAreas,shape_area,data,float,no,,,
NativeVegetationAreas,shape,index,,,,,
PetroleumWells,objectid,auto,bigint,no,,nextval('object_id'),yes
PetroleumWells,featuretype,data,int,no,ga_FeatureType,,
PetroleumWells,featrel,data,date,no,,,
PetroleumWells,attrrel,data,date,no,,,
PetroleumWells,planacc,data,smallint,no,,,
PetroleumWells,created,data,timestamp,,,now(),
PetroleumWells,retired,data,timestamp,,,,
PetroleumWells,ga_pid,data,int,,,,
PetroleumWells,symbol,data,smallint,no,,,
PetroleumWells,featurewidth,data,float,,,0,
PetroleumWells,orientation,data,smallint,,,0,
PetroleumWells,textnote,data,text,,,,
PetroleumWells,position,index,,,,,
Pinnacles,objectid,auto,bigint,no,,nextval('object_id'),yes
Pinnacles,featuretype,data,int,no,ga_FeatureType,,
Pinnacles,name,data,text,,,,
Pinnacles,featrel,data,date,no,,,
Pinnacles,attrrel,data,date,no,,,
Pinnacles,planacc,data,smallint,no,,,
Pinnacles,created,data,timestamp,,,now(),
Pinnacles,retired,data,timestamp,,,,
Pinnacles,ga_pid,data,int,,,,
Pinnacles,symbol,data,smallint,no,,,
Pinnacles,featurewidth,data,float,,,0,
Pinnacles,orientation,data,smallint,,,0,
Pinnacles,textnote,data,text,,,,
Pinnacles,position,index,,,,,
Pipelines,objectid,auto,bigint,,,nextval('object_id'),yes
Pipelines,featuretype,data,int,no,ga_FeatureType,,
Pipelines,name,data,text,,,,
Pipelines,product,data,text,,,,
Pipelines,relation,data,text,,,,
Pipelines,featrel,data,date,no,,,
Pipelines,attrrel,data,date,no,,,
Pipelines,planacc,data,smallint,no,,,
Pipelines,created,data,timestamp,,,now(),
Pipelines,retired,data,timestamp,,,,
Pipelines,ga_pid,data,int,,,,
Pipelines,symbol,data,smallint,no,,,
Pipelines,textnote,data,text,,,,
Pipelines,shape_length,data,float,no,,,
Pipelines,shape,index,,,,,
PlaceNames,objectid,auto,bigint,no,,nextval('object_id'),yes
PlaceNames,featuretype,data,int,no,ga_FeatureType,,
PlaceNames,type,data,int,no,,,
PlaceNames,name,data,text,,,,
PlaceNames,featrel,data,date,no,,,
PlaceNames,attrrel,data,date,no,,,
PlaceNames,planacc,data,smallint,no,,,
PlaceNames,created,data,timestamp,,,now(),
PlaceNames,retired,data,timestamp,,,,
PlaceNames,ga_pid,data,int,,,,
PlaceNames,symbol,data,smallint,no,,,
PlaceNames,featurewidth,data,float,,,0,
PlaceNames,orientation,data,smallint,,,0,
PlaceNames,textnote,data,text,,,,
PlaceNames,position,index,,,,,
PondageAreas,objectid,auto,bigint,,,nextval('object_id'),yes
PondageAreas,featuretype,data,int,no,ga_FeatureType,,
PondageAreas,type,data,int,no,,,
PondageAreas,featrel,data,date,no,,,
PondageAreas,attrrel,data,date,no,,,
PondageAreas,planacc,data,smallint,no,,,
PondageAreas,created,data,timestamp,,,now(),
PondageAreas,retired,data,timestamp,,,,
PondageAreas,ga_pid,data,int,,,,
PondageAreas,symbol,data,smallint,no,,,
PondageAreas,textnote,data,text,,,,
PondageAreas,shape_length,data,float,no,,,
PondageAreas,shape_area,data,float,no,,,
PondageAreas,shape,index,,,,,
PopulatedPlaces,objectid,auto,bigint,no,,nextval('object_id'),yes
PopulatedPlaces,featuretype,data,int,no,ga_FeatureType,,
PopulatedPlaces,name,data,text,,,,
PopulatedPlaces,featrel,data,date,no,,,
PopulatedPlaces,attrrel,data,date,no,,,
PopulatedPlaces,planacc,data,smallint,no,,,
PopulatedPlaces,created,data,timestamp,,,now(),
PopulatedPlaces,retired,data,timestamp,,,,
PopulatedPlaces,ga_pid,data,int,,,,
Pinnacles,position,data,point,,,,
PetroleumWells,source,auto,int,no,ga_Source,0,
Pinnacles,source,auto,int,no,ga_Source,0,
PopulatedPlaces,symbol,data,smallint,no,,,
PopulatedPlaces,featurewidth,data,float,,,0,
PopulatedPlaces,orientation,data,smallint,,,0,
PopulatedPlaces,textnote,data,text,,,,
PopulatedPlaces,position,index,,,,,
Powerlines,objectid,auto,bigint,,,nextval('object_id'),yes
Powerlines,featuretype,data,int,no,ga_FeatureType,,
Powerlines,featrel,data,date,no,,,
Powerlines,attrrel,data,date,no,,,
Powerlines,planacc,data,smallint,no,,,
Powerlines,created,data,timestamp,,,now(),
Powerlines,retired,data,timestamp,,,,
Powerlines,ga_pid,data,int,,,,
Powerlines,symbol,data,smallint,no,,,
Powerlines,textnote,data,text,,,,
Powerlines,shape_length,data,float,no,,,
Powerlines,shape,index,,,,,
ProhibitedAreas,objectid,auto,bigint,,,nextval('object_id'),yes
ProhibitedAreas,featuretype,data,int,no,ga_FeatureType,,
ProhibitedAreas,name,data,text,,,,
ProhibitedAreas,authority,data,text,,,,
ProhibitedAreas,featrel,data,date,no,,,
ProhibitedAreas,attrrel,data,date,no,,,
ProhibitedAreas,planacc,data,smallint,no,,,
ProhibitedAreas,created,data,timestamp,,,now(),
ProhibitedAreas,retired,data,timestamp,,,,
ProhibitedAreas,ga_pid,data,int,,,,
ProhibitedAreas,symbol,data,smallint,no,,,
ProhibitedAreas,shape_length,data,float,no,,,
ProhibitedAreas,shape_area,data,float,no,,,
ProhibitedAreas,shape,index,,,,,
RailwayBridgePoints,objectid,auto,bigint,no,,nextval('object_id'),yes
RailwayBridgePoints,featuretype,data,int,no,ga_FeatureType,,
RailwayBridgePoints,name,data,text,,,,
RailwayBridgePoints,featrel,data,date,no,,,
RailwayBridgePoints,attrrel,data,date,no,,,
RailwayBridgePoints,planacc,data,smallint,no,,,
RailwayBridgePoints,created,data,timestamp,,,now(),
RailwayBridgePoints,retired,data,timestamp,,,,
RailwayBridgePoints,ga_pid,data,int,,,,
RailwayBridgePoints,symbol,data,smallint,no,,,
RailwayBridgePoints,featurewidth,data,float,,,0,
RailwayBridgePoints,orientation,data,smallint,,,0,
RailwayBridgePoints,textnote,data,text,,,,
RailwayBridgePoints,position,index,,,,,
RailwayCrossingLines,objectid,auto,bigint,,,nextval('object_id'),yes
RailwayCrossingLines,featuretype,data,int,no,ga_FeatureType,,
RailwayCrossingLines,name,data,text,,,,
RailwayCrossingLines,featrel,data,date,no,,,
RailwayCrossingLines,attrrel,data,date,no,,,
RailwayCrossingLines,planacc,data,smallint,no,,,
RailwayCrossingLines,created,data,timestamp,,,now(),
RailwayCrossingLines,retired,data,timestamp,,,,
RailwayCrossingLines,ga_pid,data,int,,,,
RailwayCrossingLines,symbol,data,smallint,no,,,
RailwayCrossingLines,featurewidth,data,float,,,0,
RailwayCrossingLines,textnote,data,text,,,,
RailwayCrossingLines,shape_length,data,float,no,,,
RailwayCrossingLines,shape,index,,,,,
Railways,objectid,auto,bigint,,,nextval('object_id'),yes
Railways,featuretype,data,int,no,ga_FeatureType,,
Railways,name,data,text,,,,
Railways,gauge,data,text,,,,
Railways,status,data,text,,,,
Railways,tracks,data,text,,,,
Railways,featrel,data,date,no,,,
Railways,attrrel,data,date,no,,,
Railways,planacc,data,smallint,no,,,
Railways,created,data,timestamp,,,now(),
Railways,retired,data,timestamp,,,,
Railways,ga_pid,data,int,,,,
Railways,symbol,data,smallint,no,,,
Railways,textnote,data,text,,,,
Railways,shape_length,data,float,no,,,
Railways,shape,index,,,,,
RailwayStopPoints,objectid,auto,bigint,no,,nextval('object_id'),yes
RailwayStopPoints,featuretype,data,int,no,ga_FeatureType,,
RailwayStopPoints,name,data,text,,,,
RailwayStopPoints,featrel,data,date,no,,,
RailwayStopPoints,attrrel,data,date,no,,,
RailwayStopPoints,planacc,data,smallint,no,,,
PopulatedPlaces,position,data,point,,,,
Powerlines,source,auto,int,no,ga_Source,0,
RailwayStopPoints,created,data,timestamp,,,now(),
RailwayStopPoints,retired,data,timestamp,,,,
RailwayStopPoints,ga_pid,data,int,,,,
RailwayStopPoints,symbol,data,smallint,no,,,
RailwayStopPoints,featurewidth,data,float,,,0,
RailwayStopPoints,orientation,data,smallint,,,0,
RailwayStopPoints,textnote,data,text,,,,
RailwayStopPoints,position,index,,,,,
RailwayTunnelLines,objectid,auto,bigint,,,nextval('object_id'),yes
RailwayTunnelLines,featuretype,data,int,no,ga_FeatureType,,
RailwayTunnelLines,featrel,data,date,no,,,
RailwayTunnelLines,attrrel,data,date,no,,,
RailwayTunnelLines,planacc,data,smallint,no,,,
RailwayTunnelLines,created,data,timestamp,,,now(),
RailwayTunnelLines,retired,data,timestamp,,,,
RailwayTunnelLines,ga_pid,data,int,,,,
RailwayTunnelLines,symbol,data,smallint,no,,,
RailwayTunnelLines,featurewidth,data,float,no,,,
RailwayTunnelLines,textnote,data,text,,,,
RailwayTunnelLines,shape_length,data,float,no,,,
RailwayTunnelLines,shape,index,,,,,
RailwayTunnelPoints,objectid,auto,bigint,no,,nextval('object_id'),yes
RailwayTunnelPoints,featuretype,data,int,no,ga_FeatureType,,
RailwayTunnelPoints,featrel,data,date,no,,,
RailwayTunnelPoints,attrrel,data,date,no,,,
RailwayTunnelPoints,planacc,data,smallint,no,,,
RailwayTunnelPoints,created,data,timestamp,,,now(),
RailwayTunnelPoints,retired,data,timestamp,,,,
RailwayTunnelPoints,ga_pid,data,int,,,,
RailwayTunnelPoints,symbol,data,smallint,no,,,
RailwayTunnelPoints,featurewidth,data,float,,,0,
RailwayTunnelPoints,orientation,data,smallint,,,0,
RailwayTunnelPoints,textnote,data,text,,,,
RailwayTunnelPoints,position,index,,,,,
RapidAreas,objectid,auto,bigint,,,nextval('object_id'),yes
RapidAreas,featuretype,data,int,no,ga_FeatureType,,
RapidAreas,featrel,data,date,no,,,
RapidAreas,attrrel,data,date,no,,,
RapidAreas,planacc,data,smallint,no,,,
RapidAreas,created,data,timestamp,,,now(),
RapidAreas,retired,data,timestamp,,,,
RapidAreas,ga_pid,data,int,,,,
RapidAreas,symbol,data,smallint,no,,,
RapidAreas,textnote,data,text,,,,
RapidAreas,shape_length,data,float,no,,,
RapidAreas,shape_area,data,float,no,,,
RapidAreas,shape,index,,,,,
RapidLines,objectid,auto,bigint,,,nextval('object_id'),yes
RapidLines,featuretype,data,int,no,ga_FeatureType,,
RapidLines,featrel,data,date,no,,,
RapidLines,attrrel,data,date,no,,,
RapidLines,planacc,data,smallint,no,,,
RapidLines,created,data,timestamp,,,now(),
RapidLines,retired,data,timestamp,,,,
RapidLines,ga_pid,data,int,,,,
RapidLines,symbol,data,smallint,no,,,
RapidLines,textnote,data,text,,,,
RapidLines,shape_length,data,float,no,,,
RapidLines,shape,index,,,,,
RecreationAreas,objectid,auto,bigint,,,nextval('object_id'),yes
RecreationAreas,featuretype,data,int,no,ga_FeatureType,,
RecreationAreas,type,data,int,no,,,
RecreationAreas,name,data,text,,,,
RecreationAreas,featrel,data,date,no,,,
RecreationAreas,attrrel,data,date,no,,,
RecreationAreas,planacc,data,smallint,no,,,
RecreationAreas,created,data,timestamp,,,now(),
RecreationAreas,retired,data,timestamp,,,,
RecreationAreas,ga_pid,data,int,,,,
RecreationAreas,symbol,data,smallint,no,,,
RecreationAreas,textnote,data,text,,,,
RecreationAreas,shape_length,data,float,no,,,
RecreationAreas,shape_area,data,float,no,,,
RecreationAreas,shape,index,,,,,
Reserves,objectid,auto,bigint,,,nextval('object_id'),yes
Reserves,featuretype,data,int,no,ga_FeatureType,,
Reserves,type,data,int,no,,,
Reserves,name,data,text,,,,
Reserves,featrel,data,date,no,,,
Reserves,attrrel,data,date,no,,,
Reserves,planacc,data,smallint,no,,,
RailwayStopPoints,source,auto,int,no,ga_Source,0,
Reserves,created,data,timestamp,,,now(),
Reserves,retired,data,timestamp,,,,
Reserves,ga_pid,data,int,,,,
Reserves,symbol,data,smallint,no,,,
Reserves,shape_length,data,float,no,,,
Reserves,shape_area,data,float,no,,,
Reserves,shape,index,,,,,
Reservoirs,objectid,auto,bigint,,,nextval('object_id'),yes
Reservoirs,featuretype,data,int,no,ga_FeatureType,,
Reservoirs,type,data,int,no,,,
Reservoirs,name,data,text,,,,
Reservoirs,featrel,data,date,no,,,
Reservoirs,attrrel,data,date,no,,,
Reservoirs,planacc,data,smallint,no,,,
Reservoirs,created,data,timestamp,,,now(),
Reservoirs,retired,data,timestamp,,,,
Reservoirs,ga_pid,data,int,,,,
Sands,type,data,int,no,,,
Reservoirs,symbol,data,smallint,no,,,
Reservoirs,textnote,data,text,,,,
Reservoirs,shape_length,data,float,no,,,
Reservoirs,shape_area,data,float,no,,,
Reservoirs,shape,index,,,,,
RoadCrossingLines,objectid,auto,bigint,,,nextval('object_id'),yes
RoadCrossingLines,featuretype,data,int,no,ga_FeatureType,,
RoadCrossingLines,name,data,text,,,,
RoadCrossingLines,type,data,int,no,,,
RoadCrossingLines,featrel,data,date,no,,,
RoadCrossingLines,attrrel,data,date,no,,,
RoadCrossingLines,planacc,data,smallint,no,,,
RoadCrossingLines,created,data,timestamp,,,now(),
RoadCrossingLines,retired,data,timestamp,,,,
RoadCrossingLines,ga_pid,data,int,,,,
RoadCrossingLines,symbol,data,smallint,no,,,
RoadCrossingLines,featurewidth,data,float,,,,0
RoadCrossingLines,textnote,data,text,,,,
RoadCrossingLines,shape_length,data,float,no,,,
RoadCrossingLines,shape,index,,,,,
RoadCrossingPoints,objectid,auto,bigint,no,,nextval('object_id'),yes
RoadCrossingPoints,featuretype,data,int,no,ga_FeatureType,,
RoadCrossingPoints,type,data,int,no,,,
RoadCrossingPoints,name,data,text,,,,
RoadCrossingPoints,featrel,data,date,no,,,
RoadCrossingPoints,attrrel,data,date,no,,,
RoadCrossingPoints,planacc,data,smallint,no,,,
RoadCrossingPoints,created,data,timestamp,,,now(),
RoadCrossingPoints,retired,data,timestamp,,,,
RoadCrossingPoints,ga_pid,data,int,,,,
RoadCrossingPoints,symbol,data,smallint,no,,,
RoadCrossingPoints,featurewidth,data,float,,,0,
RoadCrossingPoints,orientation,data,smallint,,,0,
RoadCrossingPoints,textnote,data,text,,,,
RoadCrossingPoints,position,index,,,,,
Roads,objectid,auto,bigint,,,nextval('object_id'),yes
Roads,featuretype,data,int,no,ga_FeatureType,,
Roads,name,data,text,,,,
Roads,class,data,text,no,,,
Roads,featrel,data,date,no,,,
Roads,formation,data,text,,,,
Roads,nrn,data,text,,,,
Roads,srn,data,text,,,,
Roads,attrrel,data,date,no,,,
Roads,planacc,data,smallint,no,,,
Roads,created,data,timestamp,,,now(),
Roads,retired,data,timestamp,,,,
Roads,ga_pid,data,int,,,,
Roads,symbol,data,smallint,no,,,
Roads,textnote,data,text,,,,
Roads,shape_length,data,float,no,,,
Roads,shape,index,,,,,
RoadTunnelLines,objectid,auto,bigint,,,nextval('object_id'),yes
RoadTunnelLines,featuretype,data,int,no,ga_FeatureType,,
RoadTunnelLines,featrel,data,date,no,,,
RoadTunnelLines,attrrel,data,date,no,,,
Roads,shape,data,line,,,,
RoadTunnelLines,planacc,data,smallint,no,,,
RoadTunnelLines,created,data,timestamp,,,now(),
RoadTunnelLines,retired,data,timestamp,,,,
RoadTunnelLines,ga_pid,data,int,,,,
RoadTunnelLines,symbol,data,smallint,no,,,
RoadTunnelLines,featurewidth,data,float,,,,0
RoadTunnelLines,textnote,data,text,,,,
RoadTunnelLines,shape_length,data,float,no,,,
RoadTunnelLines,shape,index,,,,,
RoadCrossingPoints,position,data,point,,,,
RoadTunnelPoints,objectid,auto,bigint,no,,nextval('object_id'),yes
RoadTunnelPoints,featuretype,data,int,no,ga_FeatureType,,
RoadTunnelPoints,featrel,data,date,no,,,
RoadTunnelPoints,attrrel,data,date,no,,,
RoadTunnelPoints,planacc,data,smallint,no,,,
RoadTunnelPoints,created,data,timestamp,,,now(),
RoadTunnelPoints,retired,data,timestamp,,,,
RoadTunnelPoints,ga_pid,data,int,,,,
RoadTunnelPoints,symbol,data,smallint,no,,,
RoadTunnelPoints,featurewidth,data,float,,,0,
RoadTunnelPoints,orientation,data,smallint,,,0,
RoadTunnelPoints,textnote,data,text,,,,
RoadTunnelPoints,position,index,,,,,
SandRidges,objectid,auto,bigint,,,nextval('object_id'),yes
SandRidges,featuretype,data,int,no,ga_FeatureType,,
SandRidges,averageheight,data,smallint,,,,
SandRidges,featrel,data,date,no,,,
SandRidges,attrrel,data,date,no,,,
SandRidges,planacc,data,smallint,no,,,
SandRidges,created,data,timestamp,,,now(),
SandRidges,retired,data,timestamp,,,,
SandRidges,ga_pid,data,int,,,,
SandRidges,symbol,data,smallint,no,,,
SandRidges,shape_length,data,float,no,,,
SandRidges,shape,index,,,,,
Sands,objectid,auto,bigint,,,nextval('object_id'),yes
Sands,featuretype,data,int,no,ga_FeatureType,,
Sands,featrel,data,date,no,,,
Sands,attrrel,data,date,no,,,
Sands,planacc,data,smallint,no,,,
Sands,created,data,timestamp,,,now(),
Sands,retired,data,timestamp,,,,
Sands,ga_pid,data,int,,,,
Sands,symbol,data,smallint,no,,,
Sands,shape_length,data,float,no,,,
Sands,shape_area,data,float,no,,,
Sands,shape,index,,,,,
Seas,objectid,auto,bigint,,,nextval('object_id'),yes
Seas,featuretype,data,int,no,ga_FeatureType,,
Seas,oceanname,data,text,,,,
Seas,seaname,data,text,,,,
Seas,otherwatername,data,text,,,,
Seas,featrel,data,date,no,,,
Seas,attrrel,data,date,no,,,
Seas,planacc,data,smallint,no,,,
Seas,created,data,timestamp,,,now(),
Seas,retired,data,timestamp,,,,
Seas,ga_pid,data,int,,,,
Seas,symbol,data,smallint,no,,,
Seas,shape_length,data,float,no,,,
Seas,shape_area,data,float,no,,,
Seas,shape,index,,,,,
Spillways,objectid,auto,bigint,,,nextval('object_id'),yes
Spillways,featuretype,data,int,no,ga_FeatureType,,
Spillways,featrel,data,date,no,,,
Spillways,attrrel,data,date,no,,,
Spillways,planacc,data,smallint,no,,,
Spillways,created,data,timestamp,,,now(),
Spillways,retired,data,timestamp,,,,
Spillways,ga_pid,data,int,,,,
Spillways,symbol,data,smallint,no,,,
Spillways,textnote,data,text,,,,
Spillways,shape_length,data,float,no,,,
Spillways,shape,index,,,,,
SpotElevations,objectid,auto,bigint,no,,nextval('object_id'),yes
SpotElevations,featuretype,data,int,no,ga_FeatureType,,
SpotElevations,class,data,text,no,,,
SpotElevations,elevation,data,float,no,,,
SpotElevations,featrel,data,date,no,,,
SpotElevations,attrrel,data,date,no,,,
SpotElevations,planacc,data,smallint,no,,,
SpotElevations,created,data,timestamp,,,now(),
SpotElevations,retired,data,timestamp,,,,
SpotElevations,ga_pid,data,int,,,,
SpotElevations,symbol,data,smallint,no,,,
SpotElevations,featurewidth,data,float,,,0,
SpotElevations,orientation,data,smallint,,,0,
SpotElevations,position,index,,,,,
Springs,objectid,auto,bigint,no,,nextval('object_id'),yes
Springs,featuretype,data,int,no,ga_FeatureType,,
Springs,name,data,text,,,,
Springs,featrel,data,date,no,,,
Springs,attrrel,data,date,no,,,
Springs,planacc,data,smallint,no,,,
RoadTunnelPoints,source,auto,int,no,ga_Source,0,
SandRidges,source,auto,int,no,ga_Source,0,
Springs,created,data,timestamp,,,now(),
Springs,retired,data,timestamp,,,,
Springs,ga_pid,data,int,,,,
Springs,symbol,data,smallint,no,,,
Springs,featurewidth,data,float,,,0,
Springs,orientation,data,smallint,,,0,
Springs,textnote,data,text,,,,
Springs,position,index,,,,,
StorageTanks,objectid,auto,bigint,no,,nextval('object_id'),yes
StorageTanks,featuretype,data,int,no,ga_FeatureType,,
StorageTanks,name,data,text,,,,
StorageTanks,featrel,data,date,no,,,
StorageTanks,attrrel,data,date,no,,,
StorageTanks,planacc,data,smallint,no,,,
StorageTanks,created,data,timestamp,,,now(),
StorageTanks,retired,data,timestamp,,,,
StorageTanks,ga_pid,data,int,,,,
StorageTanks,symbol,data,smallint,no,,,
StorageTanks,featurewidth,data,float,,,0,
StorageTanks,orientation,data,smallint,,,0,
StorageTanks,textnote,data,text,,,,
StorageTanks,position,index,,,,,
VerticalObstructions,objectid,auto,bigint,no,,nextval('object_id'),yes
VerticalObstructions,featuretype,data,int,no,ga_FeatureType,,
VerticalObstructions,name,data,text,,,,
VerticalObstructions,description,data,text,,,,
VerticalObstructions,height,data,float,,,,
VerticalObstructions,featrel,data,date,no,,,
VerticalObstructions,attrrel,data,date,no,,,
VerticalObstructions,planacc,data,smallint,no,,,
VerticalObstructions,created,data,timestamp,,,now(),
VerticalObstructions,retired,data,timestamp,,,,
VerticalObstructions,ga_pid,data,int,,,,
VerticalObstructions,symbol,data,smallint,no,,,
VerticalObstructions,featurewidth,data,float,,,0,
VerticalObstructions,orientation,data,smallint,,,0,
VerticalObstructions,textnote,data,text,,,,
VerticalObstructions,position,index,,,,,
WatercourseAreas,objectid,auto,bigint,,,nextval('object_id'),yes
WatercourseAreas,featuretype,data,int,no,ga_FeatureType,,
WatercourseAreas,name,data,text,,,,
WatercourseAreas,perennial,data,int,,ga_Perennial,,
WatercourseAreas,hierarchy,data,int,,ga_Hierarchy,,
WatercourseAreas,featrel,data,date,no,,,
WatercourseAreas,attrrel,data,date,no,,,
WatercourseAreas,planacc,data,smallint,no,,,
WatercourseAreas,created,data,timestamp,,,now(),
WatercourseAreas,retired,data,timestamp,,,,
WatercourseAreas,ga_pid,data,int,,,,
WatercourseAreas,symbol,data,smallint,no,,,
WatercourseAreas,textnote,data,text,,,,
WatercourseAreas,shape_length,data,float,no,,,
WatercourseAreas,shape_area,data,float,no,,,
WatercourseAreas,shape,index,,,,,
WatercourseLines,objectid,auto,bigint,,,nextval('object_id'),yes
WatercourseLines,featuretype,data,int,no,ga_FeatureType,,
WatercourseLines,type,data,int,no,,,
WatercourseLines,name,data,text,,,,
WatercourseLines,perennial,data,int,,ga_Perennial,,
WatercourseLines,hierarchy,data,int,,ga_Hierarchy,,
WatercourseLines,featrel,data,date,no,,,
WatercourseLines,attrrel,data,date,no,,,
WatercourseLines,planacc,data,smallint,no,,,
WatercourseLines,created,data,timestamp,,,now(),
WatercourseLines,retired,data,timestamp,,,,
WatercourseLines,ga_pid,data,int,,,,
WatercourseLines,symbol,data,smallint,no,,,
WatercourseLines,textnote,data,text,,,,
WatercourseLines,shape_length,data,float,no,,,
WatercourseLines,shape,index,,,,,
WaterfallPoints,objectid,auto,bigint,no,,nextval('object_id'),yes
WaterfallPoints,featuretype,data,int,no,ga_FeatureType,,
WaterfallPoints,name,data,text,,,,
WaterfallPoints,featrel,data,date,no,,,
WaterfallPoints,attrrel,data,date,no,,,
WaterfallPoints,planacc,data,smallint,no,,,
WaterfallPoints,created,data,timestamp,,,now(),
WaterfallPoints,retired,data,timestamp,,,,
WaterfallPoints,ga_pid,data,int,,,,
WaterfallPoints,symbol,data,smallint,no,,,
Springs,position,data,point,,,,
Springs,source,auto,int,no,ga_Source,0,
StorageTanks,source,auto,int,no,ga_Source,0,
WaterfallPoints,featurewidth,data,float,,,0,
WaterfallPoints,orientation,data,smallint,,,0,
WaterfallPoints,textnote,data,text,,,,
WaterfallPoints,position,index,,,,,
Waterholes,objectid,auto,bigint,no,,nextval('object_id'),yes
Waterholes,featuretype,data,int,no,ga_FeatureType,,
Waterholes,name,data,text,,,,
Waterholes,perennial,data,int,,ga_Perennial,,
Waterholes,featrel,data,date,no,,,
Waterholes,attrrel,data,date,no,,,
Waterholes,planacc,data,smallint,no,,,
Waterholes,created,data,timestamp,,,now(),
Waterholes,retired,data,timestamp,,,,
Waterholes,ga_pid,data,int,,,,
Waterholes,symbol,data,smallint,no,,,
Waterholes,featurewidth,data,float,,,0,
Waterholes,orientation,data,smallint,,,0,
Waterholes,textnote,data,text,,,,
Waterholes,position,index,,,,,
WaterPoints,objectid,auto,bigint,no,,nextval('object_id'),yes
WaterPoints,featuretype,data,int,no,ga_FeatureType,,
WaterPoints,type,data,int,no,,,
WaterPoints,name,data,text,,,,
WaterPoints,featrel,data,date,no,,,
WaterPoints,attrrel,data,date,no,,,
WaterPoints,planacc,data,smallint,no,,,
WaterPoints,created,data,timestamp,,,now(),
WaterPoints,retired,data,timestamp,,,,
WaterPoints,ga_pid,data,int,,,,
WaterPoints,symbol,data,smallint,no,,,
WaterPoints,featurewidth,data,float,,,0,
WaterPoints,orientation,data,smallint,,,0,
WaterPoints,textnote,data,text,,,,
WaterPoints,position,index,,,,,
WaterTanks,objectid,auto,bigint,no,,nextval('object_id'),yes
WaterTanks,featuretype,data,int,no,ga_FeatureType,,
WaterTanks,name,data,text,,,,
WaterTanks,featrel,data,date,no,,,
WaterTanks,attrrel,data,date,no,,,
WaterTanks,planacc,data,smallint,no,,,
WaterTanks,created,data,timestamp,,,now(),
WaterTanks,retired,data,timestamp,,,,
WaterTanks,ga_pid,data,int,,,,
WaterTanks,symbol,data,smallint,no,,,
WaterTanks,featurewidth,data,float,,,0,
WaterTanks,orientation,data,smallint,,,0,
WaterTanks,textnote,data,text,,,,
WaterTanks,position,index,,,,,
Windbreaks,objectid,auto,bigint,,,nextval('object_id'),yes
Windbreaks,featuretype,data,int,no,ga_FeatureType,,
Windbreaks,featrel,data,date,no,,,
Windbreaks,attrrel,data,date,no,,,
Windbreaks,planacc,data,smallint,no,,,
Windbreaks,created,data,timestamp,,,now(),
Windbreaks,retired,data,timestamp,,,,
Windbreaks,ga_pid,data,int,,,,
Windbreaks,symbol,data,smallint,no,,,
Windbreaks,shape_length,data,float,no,,,
Windbreaks,shape,index,,,,,
Windpumps,objectid,auto,bigint,no,,nextval('object_id'),yes
Windpumps,featuretype,data,int,no,ga_FeatureType,,
Windpumps,name,data,text,,,,
Windpumps,featrel,data,date,no,,,
Windpumps,attrrel,data,date,no,,,
Windpumps,planacc,data,smallint,no,,,
Windpumps,created,data,timestamp,,,now(),
Windpumps,retired,data,timestamp,,,,
Windpumps,ga_pid,data,int,,,,
Windpumps,symbol,data,smallint,no,,,
Windpumps,featurewidth,data,float,,,0,
Windpumps,orientation,data,smallint,,,0,
Windpumps,textnote,data,text,,,,
Windpumps,position,index,,,,,
Yards,objectid,auto,bigint,no,,nextval('object_id'),yes
Yards,featuretype,data,int,no,ga_FeatureType,,
Yards,name,data,text,,,,
Yards,featrel,data,date,no,,,
Yards,attrrel,data,date,no,,,
Yards,planacc,data,smallint,no,,,
Yards,created,data,timestamp,,,now(),
Yards,retired,data,timestamp,,,,
Yards,ga_pid,data,int,,,,
Yards,symbol,data,smallint,no,,,
Yards,featurewidth,data,float,,,0,
Yards,orientation,data,smallint,,,0,
Waterholes,source,auto,int,no,ga_Source,0,
WaterPoints,source,auto,int,no,ga_Source,0,
WaterTanks,source,auto,int,no,ga_Source,0,
Windbreaks,source,auto,int,no,ga_Source,0,
Yards,textnote,data,text,,,,
Yards,position,index,,,,,
Tracks,objectid,auto,bigint,,,nextval('object_id'),yes
Tracks,featrel,data,date,no,,,
Tracks,attrrel,data,date,no,,,
Tracks,planacc,data,smallint,no,,,
Tracks,created,data,timestamp,,,now(),
Tracks,retired,data,timestamp,,,,
Tracks,symbol,data,smallint,no,,,
Tracks,shape_length,data,float,no,,,
Tracks,shape,index,,,,,
AircraftFacilityPoints,position,data,point,,,,
BarrierPoints,position,data,point,,,,
Benchmarks,position,data,point,,,,
Bores,position,data,point,,,,
Caves,position,data,point,,,,
CemeteryPoints,position,data,point,,,,
Homesteads,position,data,point,,,,
HorizontalControlPoints,position,data,point,,,,
Locations,position,data,point,,,,
Locks,position,data,point,,,,
MarineHazardPoints,position,data,point,,,,
MarineInfrastructurePoints,position,data,point,,,,
MinePoints,position,data,point,,,,
PetroleumWells,position,data,point,,,,
PlaceNames,position,data,point,,,,
RailwayBridgePoints,position,data,point,,,,
RailwayStopPoints,position,data,point,,,,
RailwayTunnelPoints,position,data,point,,,,
RoadTunnelPoints,position,data,point,,,,
SpotElevations,position,data,point,,,,
StorageTanks,position,data,point,,,,
VerticalObstructions,position,data,point,,,,
WaterfallPoints,position,data,point,,,,
Waterholes,position,data,point,,,,
WaterPoints,position,data,point,,,,
WaterTanks,position,data,point,,,,
Windpumps,position,data,point,,,,
Yards,position,data,point,,,,
Benchmarks,source,auto,int,no,ga_Source,0,
BuildingAreas,source,auto,int,no,ga_Source,0,
BuildingPoints,source,auto,int,no,ga_Source,0,
BuiltUpAreas,source,auto,int,no,ga_Source,0,
CanalAreas,source,auto,int,no,ga_Source,0,
CanalLines,source,auto,int,no,ga_Source,0,
CemeteryPoints,source,auto,int,no,ga_Source,0,
ClearedLines,source,auto,int,no,ga_Source,0,
Contours,source,auto,int,no,ga_Source,0,
Conveyors,source,auto,int,no,ga_Source,0,
Craters,source,auto,int,no,ga_Source,0,
CultivatedAreas,source,auto,int,no,ga_Source,0,
DamWalls,source,auto,int,no,ga_Source,0,
DeformationAreas,source,auto,int,no,ga_Source,0,
Discontinuities,source,auto,int,no,ga_Source,0,
Fences,source,auto,int,no,ga_Source,0,
FerryRouteLines,source,auto,int,no,ga_Source,0,
Flats,source,auto,int,no,ga_Source,0,
FootTracks,source,auto,int,no,ga_Source,0,
ForeshoreFlats,source,auto,int,no,ga_Source,0,
FrameworkBoundaries,source,auto,int,no,ga_Source,0,
HorizontalControlPoints,source,auto,int,no,ga_Source,0,
Islands,source,auto,int,no,ga_Source,0,
LargeAreaFeatures,source,auto,int,no,ga_Source,0,
Locations,source,auto,int,no,ga_Source,0,
Locks,source,auto,int,no,ga_Source,0,
Mainlands,source,auto,int,no,ga_Source,0,
MarineHazardAreas,source,auto,int,no,ga_Source,0,
MarineInfrastructurePoints,source,auto,int,no,ga_Source,0,
MineAreas,source,auto,int,no,ga_Source,0,
MinePoints,source,auto,int,no,ga_Source,0,
NativeVegetationAreas,source,auto,int,no,ga_Source,0,
Pipelines,source,auto,int,no,ga_Source,0,
PlaceNames,source,auto,int,no,ga_Source,0,
PondageAreas,source,auto,int,no,ga_Source,0,
PopulatedPlaces,source,auto,int,no,ga_Source,0,
ProhibitedAreas,source,auto,int,no,ga_Source,0,
RailwayBridgePoints,source,auto,int,no,ga_Source,0,
RailwayCrossingLines,source,auto,int,no,ga_Source,0,
Railways,source,auto,int,no,ga_Source,0,
RailwayTunnelLines,source,auto,int,no,ga_Source,0,
RailwayTunnelPoints,source,auto,int,no,ga_Source,0,
RapidAreas,source,auto,int,no,ga_Source,0,
RapidLines,source,auto,int,no,ga_Source,0,
RecreationAreas,source,auto,int,no,ga_Source,0,
Reserves,source,auto,int,no,ga_Source,0,
Reservoirs,source,auto,int,no,ga_Source,0,
RoadCrossingLines,source,auto,int,no,ga_Source,0,
RoadCrossingPoints,source,auto,int,no,ga_Source,0,
Roads,source,auto,int,no,ga_Source,0,
RoadTunnelLines,source,auto,int,no,ga_Source,0,
Tracks,source,auto,int,no,ga_Source,0,
Sands,source,auto,int,no,ga_Source,0,
Seas,source,auto,int,no,ga_Source,0,
Spillways,source,auto,int,no,ga_Source,0,
SpotElevations,source,auto,int,no,ga_Source,0,
VerticalObstructions,source,auto,int,no,ga_Source,0,
WatercourseAreas,source,auto,int,no,ga_Source,0,
WatercourseLines,source,auto,int,no,ga_Source,0,
WaterfallPoints,source,auto,int,no,ga_Source,0,
Windpumps,source,auto,int,no,ga_Source,0,
Yards,source,auto,int,no,ga_Source,0,
AerialCableways,shape,data,line,,,,
CanalLines,shape,data,line,,,,
CartographicLines,shape,data,line,,,,
ClearedLines,shape,data,line,,,,
Contours,shape,data,line,,,,
Conveyors,shape,data,line,,,,
DamWalls,shape,data,line,,,,
Discontinuities,shape,data,line,,,,
Fences,shape,data,line,,,,
FerryRouteLines,shape,data,line,,,,
FootTracks,shape,data,line,,,,
FrameworkBoundaries,shape,data,line,,,,
Graticules,shape,data,line,,,,
Grids,shape,data,line,,,,
MarineInfrastructureLines,shape,data,line,,,,
Pipelines,shape,data,line,,,,
Powerlines,shape,data,line,,,,
RailwayCrossingLines,shape,data,line,,,,
Railways,shape,data,line,,,,
RailwayTunnelLines,shape,data,line,,,,
RapidLines,shape,data,line,,,,
RoadCrossingLines,shape,data,line,,,,
RoadTunnelLines,shape,data,line,,,,
SandRidges,shape,data,line,,,,
Spillways,shape,data,line,,,,
WatercourseLines,shape,data,line,,,,
Windbreaks,shape,data,line,,,,
Tracks,shape,data,line,,,,
BuildingAreas,shape,data,area,,,,
Annotations,shape,data,area,,,,
CanalAreas,shape,data,area,,,,
CemeteryAreas,shape,data,area,,,,
Craters,shape,data,area,,,,
CultivatedAreas,shape,data,area,,,,
DeformationAreas,shape,data,area,,,,
Flats,shape,data,area,,,,
ForeshoreFlats,shape,data,area,,,,
GraticuleAnnotations,shape,data,area,,,,
GridAnnotations,shape,data,area,,,,
Islands,shape,data,area,,,,
Lakes,shape,data,area,,,,
LargeAreaFeatures,shape,data,area,,,,
Mainlands,shape,data,area,,,,
MarineHazardAreas,shape,data,area,,,,
MineAreas,shape,data,area,,,,
NativeVegetationAreas,shape,data,area,,,,
PondageAreas,shape,data,area,,,,
ProhibitedAreas,shape,data,area,,,,
RapidAreas,shape,data,area,,,,
RecreationAreas,shape,data,area,,,,
Reserves,shape,data,area,,,,
Reservoirs,shape,data,area,,,,
Sands,shape,data,area,,,,
Seas,shape,data,area,,,,
WatercourseAreas,shape,data,area,,,,
Roads,featurewidth,data,float,,,0,
